Nom;Lien;Telephone;Rue;Code Postal;Ville;Budget;Note;Avis;Menu
Chez Baud;https://www.linternaute.com//restaurant/restaurant/166592/chez-baud.shtml;tel:+33450392015;181, avenue du Léman;74380;Bonne;30-60€; 4 / 5 ☆;Restaurant très agréable dans l'ensemble.
Point faible: il faut réserver beaucoup de temps a l'avance.
Point fort : explosion de saveur dans tous les plat

Restaurant que je conseil fortement!Nous avons passé une agréable soirée la nourriture était excellente mais alors une énorme déception au niveau du service aucune présentation des amuses bouches, les fromages étaient mélangés les uns aux autres dans l'assiette, on nous a oublié au niveau du café. Peut être que nous ressemblions pas à la clientèle habituelle du restaurant... Nous ne portions pas le costume cravate.Bonne adresse ! Tout était bien juste un petit bémol sur le dessert que j'avais choisi (croustillant citron vert) en dessous par rapport aux autres. Service efficace.Le menu dégustation était excellent, avec un vin très bien choisi et très bien conseillé par le sommelier. Un restaurant à la hauteur de nos attentes avec un accueil très chaleureux.
La Part des Anges;https://www.linternaute.com//restaurant/restaurant/121897/la-part-des-anges.shtml;tel:+33450600714;23, rue Sommeiller;74000;Annecy;15-30€; 4 / 5 ☆;Prix trop élevé pour ce que c'est. Vous allez deux rues plus loin et pouvez trouver un restaurant de bien meilleure qualité tant au niveau de la cuisine qu'au niveau de l'ambiance.Prix élevé pour ce que c'est. Vous allez deux rues plus loin et pouvez trouver un restaurant moins cher et de bien meilleur qualité tant au niveau de la cuisine qu'au niveau de l'ambiance.Super restaurant, service et nourriture impeccable.
Viande et poisson dégustés étaient parfaitement cuits , le tout accompagné d une belle carte des vins. J y retournerai sans aucun douteRestaurant sublime et agréable je vais manger une fois par mois ... Le service et parfait les plat son délicieux à chaque fois c'est un régal pour les yeux et les papilles .
Le Cabanon;https://www.linternaute.com//restaurant/restaurant/66164/le-cabanon.shtml;tel:+33450976708;8 rue des Remparts;74800;La roche-sur-foron;15-30€; 4 / 5 ☆;Ce samedi soir nous étions un petit groupe et je vous le conseil rien n à redire produit frais et de qualité merci au serveur aussi agréable et super sympaJe suis surpris par la cuisine et le service très agréable très jolie petit restaurant de passage à la roche sur Foron 
Quand je vois sur d autre site qu on n à critiquer ce restaurant c est une honte facile de critiquer continuer comme çaExcellent 
Quand t on n'a un patron en cuisine en plus on le voit faire je lui dit un grand oui nous étions au première loge puisque tout étais complet plus que une table pas eux le choix mais on regrette rien merci à lui et à ç est deux serveurs à bientôtCe restaurant mérite amplement ça réputation .! Top top ..un restaurant conviviale ou la cuisine est savoureuse et bien faite ...le goût est au rendez vous et le personnel extra ,patron comme serveur .surtout mister Michel !!! L essayer c est l adopter ! ( le restaurant. , pas Michel ...quoi que !!) Pour faire cour , restaurant à conseiller .impossible d être déçu ! Je vs conseil la fondue s. au pleurotes ....bon appétit .
Confins des Sens;https://www.linternaute.com//restaurant/restaurant/67285/confins-des-sens.shtml;tel:+33450699425;Le villavit;74450;Le grand-bornand;15-30€; 4 / 5 ☆;Le contenu de l'assiette ne fait pas tout... On y mange bien mais l'accueil est indigne de la gamme dans laquelle prétend jouer ce restaurant...
Nous étions une dizaine à déjeuner ici pour un repas de famille. Le patron nous a fait des remontrances tout le repas parce que nous n'avions pas souhaité prendre un menu unique pour la table ! Nous avions déjà précisé lors de la réservation que nous souhaiterions avoir la carte. Une fois sur place, on nous force à prendre le menu unique. Nous refusons. On nous dit que cest pour faciliter le travail en cuisine. Sic ! Nous sommes clients, c'est à la cuisine de s'adapter, pas à nous ! On précise que nous ne sommes ni pressés ni exigeants en cas de léger décalage dans le service. Ça ne va toujours pas. Nous sommes l'objets de remarque désagréable tout le service : de "vous n'aviez qu'à prendre un menu unique" à "la prochaine fois, ce sera menu unique". Et bien désolé mais non : il n'y aura pas de prochaine fois ! Nous ne remettrons plus jamais les pieds ici ! Et déconseillons à quiconque de se rendre ici ! Avec la note que nous avons laissé, nous aurions dû nous voir offrir des apéritifs plutôt que de se faire recevoir de la sorte. Honteux !Un restaurant d'une rare qualité ! Tout est excellent un rapport qualité prix que nous n'avons jamais eu ailleurs Benoit et Brigitte sont très chaleureux très pro bref quand nous pouvons y aller ce n'est que du bohneur... Pour les papilles et les yeux! Nous n'avons jamais été déçu nous le recommandons 
Catherine mulatier-gachet.Un vrai bonheur pour tous les sens! Convivialité, plaisir gustatif. Sans précipitation mais sans attente entre les mets ( grâce à de petites verrines imprévues) une question dans nos regards: qu'est çe que c'est ? Et nos sourires pour dire : Que c'est bon ! Et çe jusqu'au café : excellent ! Benoit et Brigitte s'affairent pour notre plaisir , plaisantins, sans excès, attentifs, voire attentionnés. Les heures ont passé sans qu'on s'en rende compte ! À recommander sans faute !Ce genre de restaurant devient rare et exceptionnel... Pour un prix relativement contenu vous aurez du plaisir plein la bouche !
Les mets sont fin et recherchés et les vins tout aussi voluptueux.
Bravo, ce restaurant vaut sans conteste le déplacement !
Tendance;https://www.linternaute.com//restaurant/restaurant/80683/tendance.shtml;tel:+33450578826;4 pass Jacquard;74960;;15-30€; 4 / 5 ☆;C'est toujours un réel plaisir d'aller déjeuner dans ce restaurant ; je n'ai jamais été déçue bien au contraire. Je le recommande vivement. C'est juste un peu bruyant mais c'est la rançon de la gloire car nous sommes nombreux à apprécier les lieux.La qualité des plats, la présentation des mets, tout est parfait. Les plats sont vraiment excellents.
Toutefois, nous avons 2 bémols :
- Il manquait 2 plats à la carte, cela peut arriver, mais nous aurions apprécié d'être prévenus dès notre arrivée et non après que nous ayons passé commande (2 fois de suite !)
- le cadre du restaurant et sa terrasse ne sont pas du tout en accord avec la qualité du repas proposé (sets de table et serviettes en papier, terrasse avec tables pliées dans un coin, chaises empilées...), bref, pas avenant du tout, ce qui est vraiment dommage.
Nous n'aurions pas eu le Passeport Gourmand, nous ne serions jamais allés dans ce restaurant... Qui vaut pourtant vraiment le détour.Les serveuses surtout la patronne sont très gentille et souriante. Très professionnelles! 
Quand a la nourriture on s'est régalé avec mon mari! Très bon et très belle présentation.
Rapport qualité prix excellent !
Je conseil fortement!Accueil chaleureux et ambiance vraiment agréable. La cuisine est originale et inventive. Nous avons craqué pour le smoothie de tomate en entrée, à goûter absolument. 
Rapport qualité prix plus que correct. Le chef aime faire le tour des tables en fin de service et discuter avec ses hôtes. 

Idéal pour une petite soirée en amoureux.
Le 111;https://www.linternaute.com//restaurant/restaurant/17316/le-111.shtml;tel:+33450850625;111, rue du Centre;74140;Douvaine;15-30€; 3 / 5 ☆;Étant déçu de l'ancien propriétaire nous avons vu que l'établissement fesais peau neuve nous avons donc décidé avec mon compagnon de donné une nouveau chance à ce restaurant au cadre très sympathique ! Et nous n'avons pas été mécontent ! ^^ Accueil et service très professionnel et une cuisine orgasmique :-D. Nous recommandons ce restaurant à toute personne désirant mangé frais et bon !Le 111 a changé de propriétaire. Une nouvelle équipe, un nouveau chef, une nouvelle carte et un nouveau décor. A voir absolument! Ouvert du mardi au Samedi midi et soir - 11.06.2014.Très bon accueil,cadre agréable.Très bonne cuisine, menu simple et suffisant.
Peu de choix dans les plats proposés.
Une mention spéciale pour la carte des cafés.Filet de daurade avec "pomme fruit" servi... Sans pomme !
Le très petit filet mal préparé (arêtes et déchets) est surtout beaucoup trop cuit, et la sauce champagne sort visiblement de chez Metro.
Le clafouti au pommes sort sans doute du même magasin, il est servi très froid.
Heureusement, le vin est bon, mais les explications du patron pour le choix ne m'éclairent pas vraiment.
L'ambiance est de plus, peu agréable, mais la terrasse est sympa.
Nous avons payé 72 à 2 ... Certaines cafétérias d'autoroutes sont meilleures...
Les Gentianettes;https://www.linternaute.com//restaurant/restaurant/157886/les-gentianettes.shtml;tel:+33450735646;Route de Chevenne;74360;La chapelle-d'abondance;30-60€; 4 / 5 ☆;Aucun commentaire, hormis le fait d'avoir fait 2 réservations, l'une pour le restaurant gastronomique, l'autre pour le restaurant typique (spécialités savoyardes). L'accueil a été on ne peut plus glacial car nous avions signalé la présence de notre gros chien. On nous a répondu "c'est votre responsabilité". La seconde fois, nous avions demandé à arriver avec un peu de retard (nous étions bloqués en montagne). On nous a répondu que le service s'arrêtait à 12 h 30. Nous ne nous sommes donc pas présenté à ce restaurant.Salle décor montagne très sympa. Super menu semi gastronomique à 39 (entrée/ plat/ monstrueux plateau de fromages/ dessert ). Service un peu long car salle pleine ( demi pension de l'hôtel).Un peu en retrait de la route, vous serez charmé par le décor typiquement montagnard. L'accueil est à la hauteur et la cuisine est excellente. Bon rapport qualité prix (surtout les formules du midi). Bref, une bonne raison de découvrir ce restau et La Chapelle d'A.Arrêt inopiné pour déjeuner. Excellente table. Menu déjeuner à très bon rapport qualité prix. Service soigné. À recommander.
Le Bistro du Rhône;https://www.linternaute.com//restaurant/restaurant/168735/le-bistro-du-rhone.shtml;tel:+33450455334;13, avenue du Rhône;74000;Annecy;30-60€; 3 / 5 ☆;Petites vacances à Annecy avec ma compagne, nous décidons, samedi dernier, de nous arrêter au Bistro du Rhône, restaurant a priori réputé pour ses plats délicieux et la gentillesse de son personnel.

Notre table étant déjà réservée, notre choix se porte sur deux menus (un Menu du Marché à 25,70 et un Menu du Bistro à 40, accompagnés de deux kirs). Malheureusement, quelle fut notre surprise de trouver un brin de brosse métallique (fil de fer torsadé) dans l'amuse-bouche de ma compagne. La serveuse avertie, celle-ci s'excuse et part prévenir le plongeur. Cette dernière se justifie en nous indiquant que le restaurant venait de changer de type de brosse pour la plonge et que les brins métalliques ont tendance à s'en décrocher. Nous passons, l'erreur étant humaine, nous décidons de continuer notre repas (qui était au passage très bon, nous ne reviendrons pas sur les talents des cuisiniers).

Celui-ci s'achève, nous payons l'intégralité de l'addition (à noter qu'aucun geste commercial n'a été proposé/effectué pour compenser ne serait-ce qu'un minimum ce manque de vigilance, même pas le remboursement des apéritifs).
Nous aurions pu en rester ici si, mon amie, dès la sortie du restaurant, n'avait pas vomi l'intégralité du repas (et ce environ 5 minutes après être sortis du restaurant). Elle est restée malade pendant 4 jours à partir de ce samedi soir, nous nous sommes largement interrogés sur la présence d'autres brins métalliques dans son assiette, ayant potentiellement pu entraîné ces désagréments, même si la seule contrariété d'une telle découverte a pu suffire à lui retourner l'estomac.
C'est pour cette raison que j'ai décidé, inquiet pour sa santé, de contacter le responsable par téléphone (trois jours après, l'établissement étant fermé dimanche et lundi ..), pour l'informer des conséquences d'une telle négligence sur la santé des clients et demander le remboursement du repas. En effet, une sorte de fil de fer torsadé comme celui qui s'est retrouvé coincé dans les dents de ma compagne (par chance!) peut perforer lsophage, se coincer et engendrer des infections, nécessitant une opération. 

En plein service, le chef d'entreprise expédie rapidement l'appel en nous indiquant qu'il rappellerait «après le service », ce qui est compréhensible en cas de forte affluence, nous patientons.
La femme de ce dernier (qui était la serveuse le samedi en question) nous rappelle trois heures plus tard et tombe sur ma petite amie. Elle s'est permise de très largement hausser le ton, nous traitant de « personnes malhonnêtes » (!) nous accusant d'exercer du chantage de publier un avis négatif sur TripAdvisor afin d'être remboursé du repas et d'avoir a priori « calculé notre coup » car, le soir même, les personnes malhonnêtes que nous sommes lui avons clairement dit que nous ne publierions pas d'avis négatif là-dessus, croyant que l'avarie resterait sans conséquence sur la santé de ma chère et tendre. Or elle est tombée malade juste après le repas et a dû en supporter les conséquences pendant la totalité de nos vacances. A noter que la serveuse en question, pour comparer nos situations a « mangé dans un très bon restaurant une semaine avant, a trouvé un cheveu et n'en a pas fait tout un plat » pour reprendre ses termes, ce qui montre très bien que les gérants de cet établissement ne se rendent pas bien compte des conséquences qu'un fil métallique aurait pu engendrer sur la santé des clients. Ceci est un manque total de professionnalisme, aucun geste commercial n'a été effectué, de simples excuses (encore faut-il que ces dernières soient sincères, étant donné la difficulté éprouvée par le « chef d'entreprise » pour mesurer l'étendue de sa négligence) ne suffisent pas pour un restaurant classé Troisième meilleur restaurant d'Annecy.

A l'attention des gérants du Bistro du Rhône, vous nous avez clairement gâché notre week-end et nos vacances par la même occasion, voir sa compagne passer ses journées aux toilettes au lieu de profiter des multiples activités proposées sur le lac est très plaisant. 
Ce restaurant est à recommander uniquement pour sa cuisine (qui reste bonne malgré tout, loin de moi l'idée de la remettre en cause) et non pas pour le professionnalisme de ses gérants qui pensent plutôt « business is business » plutôt qu'au confort de ses clients. 
Pour les courageux qui s'y risquent, un conseil : fermez les dents en mangeant votre amuse-bouche, et mâchez bien les aliments afin de ne pas risquer votre santé avec des fils de fer torsadés prêts à percer votre sophage. 

Nous ne reviendrons pas !Agreablement surpris je recommande à tous le monde ce petit restaurant que ce soit pour le midi ou le soir ,
qualité au rendez vous prix abordable pour une très bonne cuisine.
Merci encore pour la ponctualité le sérieux et pour votre cuisine.Voilà bien des années que je fréquente ce restaurant. Laccueil est toujours aussi agréable, la patronne adorable et les assiettes sont toujours originales avec des produits frais et gouteux, que du bonheur...Très bonne surprise dans ce restaurant d'apparence simple mais au cadre agréable. Tout était délicieux, le service impeccable et l?hôtesse charmante.
De passage à Annecy, nous avons découvert cette adresse sur l'internaute et avons trouvé agréable d'être dans ce quartier très proche du centre, certes moins pittoresque mais beaucoup plus calme et à la carte  moins "touristique" 
Nous reviendrons lors de notre prochain séjour
Le Fer à Cheval;https://www.linternaute.com//restaurant/restaurant/7009/le-fer-a-cheval.shtml;tel:+33450538020;118, rue Whymper;74400;Chamonix-mont-blanc;15-30€; 4 / 5 ☆;Très bon et et personnel est gentilSoirée parfaite ! Les plats sont copieux, le personnel aux petits soins et la cuisine excellente. Je vous conseille l'entrée aux ravioles, un délice !
De passage à Chamonix, on ne regrette absolument pas cette petite escapade.
Un grand bravo à toute l'équipe, on espère vous revoir bientôt.Conforme aux critiques positives approuvée et vérifiées. Je recommande cet établissement avec un accueil sympa, une très bonne assiette et en plus la vue sur le Mt Blanc.Très bon accueil, repas de qualité, je recommande.
La Crêperie Bretonne;https://www.linternaute.com//restaurant/restaurant/66539/la-creperie-bretonne.shtml;tel:+33450015020;Rue du Pont Neuf;74150;Rumilly;15-30€; 4 / 5 ☆;Très bon accueil, chaleureux et authentique.
Cuisine de qualité, rapport qualité prix excellent.
Des produits de qualités, directement importé de Bretagne.Très bonne cuisine accueil très sympathique. Bref tout était réuni pour un excellent moment. A recommander pour les amateurs de bonnes galettes. Nous y reviendrons.Excellent restaurant cuisine raffinée cadre agreable accueil chaleureux depuis 22 ans nous fréquentons cet étaablissement avec grand plaisir a chaque fois.Excellent accueil cuisine très raffinée mérite bien le nom de restaurant breton 
client dans cette crêperie depuis l'ouverture et un suivi exemplaire de la qualité.
La Ciboulette;https://www.linternaute.com//restaurant/restaurant/30143/la-ciboulette.shtml;tel:+33450457457;10, rue Vaugelas;74000;Annecy;30-60€; 4 / 5 ☆;Nous sommes venus le vendredi 2.01.2014 à 12h15 sans réserver, on nous a donné la 1ere table à l'entrée à droite en s'excusant de ne pas avoir une meilleure place car ils étaient complet. Nous étions Ravi de pouvoir déjeuner en plus on s'est régalé du début à la fin et avons bu un excellent Chassagne-Montrachet blanc.On reviendra vu que l'on habite qu'à 30mn.Service au petit soins, menu gourmandise parfait, cuisine fine, cuisson juste, juste le dessert grany Smith ou le sorbet est très bon, mais le mousseux chocolat avec le biscuit en fond sont un peu faible en goût. 
A recommander, rapport qualité/prix imbattable, et une véritable cuisine de plaisirUn rapport qualité prix pratiquement introuvable ailleurs: pour avoir tester un bon nombre de restaurants étoilés je confirme que la ciboulette est trés bien placée
le menu à 68 avec 2 entrées un plat le fromage et le dessert est génial : des produits de belle qualité, des cuissons parfaites ,un assaisonnement bien maitrisé, une présentation sobre et surtout bien servi en quantité 
service tres agreable et professionnel
vraiment rien à dire tout est parfait
nous reviendrons volontiers chez vous lors de notre futur passage a Annecy.Très bon restaurant avec homard et bar excellents les desserts sont aussi succulents particulièrement celui aux fruits rouges. Service impeccable mais pas guindé.
Instant Gourmand;https://www.linternaute.com//restaurant/restaurant/123847/instant-gourmand.shtml;tel:+33450047498;10, rue de l'Eglise;74500;Évian-les-bains;15-30€; 4 / 5 ☆;Cuisine excellenteComplet le midi, nous y sommes alles le soir. Un menu à 29 euros pour entree plat dessert. Tout était tres bon : oeuf poché, canette tres bien cuite avec une polenta humm, et une crème caramel à tomber...Le plus : les vins peuvent se boire au verre .Très bon restau, accueil simple et sympathique, prix léger (pour la région s'est extraordinaire !): 18 euros pour entrée, plat, dessert, café et 1 verre de vin. On y reviendra si on a l'occasion. Il vaut mieux réserver.Très déçu de ce restaurant.
Choix très limité. Entrée: carpaccio de poisson servi en dose homéopatique. Plat principal: aile de raie servie avec des haricots style cassoulet. Très mauvais rapport qualité prix.
Les Cornettes;https://www.linternaute.com//restaurant/restaurant/9970/les-cornettes.shtml;tel:+33450735024;Rue de Chatel;74360;La chapelle-d'abondance;30-60€; 4 / 5 ☆;Cela fait 10 ans que nous fréquent  votre restaurant et pour la première fois nous avons été déçu  nous prenons le menu à 41 euros pour nous faire plaisir et  douche froide  plus la présentation le poisson trop cuit  en résumé plus pareil déçuTrès grand restaurant , très bonne cuisineLa carte a dessert avec 31 propositions du jamais vue. Tous fait maison a chaque fois un vraie régale.
La chasse est sublime,généreux et excellente.
Je le recommande.Si la cuisine est bonne sans être exceptionnelle, le rapport qualité-prix est raisonnable mais le service déplorable me fera éviter ce restaurant dorénavant, j'ai rarement vu des serveurs aussi désagréables.
Le Crystobald;https://www.linternaute.com//restaurant/restaurant/21005/le-crystobald.shtml;tel:+33450212682;489, route Nationale;74120;Megève;30-60€; 4 / 5 ☆;Super restaurant. La patronne très sympa, et le chef au top. Les plats sont super bons, très copieux, bien présentés, et servis dans une belle salle très lumineuse. Alors n’hésitez pas venez. Nous c'est sûr nous reviendrons encore et encore.TRES MAUVAIS ACCUEIL PAR LE CHEF OLIVIER
LA CUISINE EST QUELCONQUE.....Restaurant bon mais prétentieux. Les plats sont bons mais trop chers pour ce que c'est et trop légers. On a encore faim en sortant. On voit que l'on paie le fait d'être à Megeve alors que l'emplacement est assez mediocre. Les tarifs des vins sont excessifs.nous avons passé un très bon moment dans ce restaurant ! de la générosité, authenticité aussi bien dans l assiette qu en salle. la patronne est d une gentillesse et d une honnêteté rare ! quand à la cuisine, un régal ! on vous annonce en vous apportant la carte les produits qui ne sont pas fait maison, ce que j ai beaucoup apprécié ! le foie gras maison à volonté et le risoto de langoustine sont à tombé ! cadre calme et agréable,on y retournera à coup sur ! merci !
Auberge de Savoie;https://www.linternaute.com//restaurant/restaurant/10848/auberge-de-savoie.shtml;tel:+33450450305;1, place Saint François de Sales;74000;Annecy;30-60€; 4 / 5 ☆;La cuisine est EXCELLENTE mon mari et moi nous avons adoré, les serveurs souriants et très sympatique, merci à toute l'equipeJ'adore ce resto! L'accueil tres sympathique .Jchoix des menus . Nous avons pris a 52 euros bravo !La qualité est au rdv et puis le désert moi qui ne suis pas sucré j'ai apprécié vraiment chapeau a l'équipe.Très bonne adresse à Annecy. Cadre sobre, service efficace et plaisant, excellente cuisine fine et goûteuse. De très bons produits ! Un régal. Allez y en toute confiance.Je me suis rendu de nouveau en famille fin Août.
Je connais létablissement pour le fréquenter régulièrement et le faire partager.
Cuisine excellente, produits de bonne facture bien préparé.
Les plats sont de type traditionnels mais très fins.
La cave fait lobjet de choix judicieux et appropriés.
Accueil sympathique, naturel et de bon aloi.
Ici le côté sympathique prévaut sur laspect pédant de ce niveau de maison.
Les prix sont particulièrement raisonnables.
Le rapport qualité-prix est parmi les meilleurs de la région dAnnecy.
Habitué des bonnes tables je considère que cet établissement pourrait tout 
à fait être éligible à une étoile au guide Michelin.
A découvrir sans se ruiner inconsidérément !
Les Jardins du Léman;https://www.linternaute.com//restaurant/restaurant/23049/les-jardins-du-leman.shtml;tel:+33450728032;Rue Principale;74140;Yvoire;15-30€; 4 / 5 ☆;Le meilleur restaurant de la région cuisine de très bonne qualitéRestaurant a recommander, belles présentations,  bons produits ,Service chaleureux et très professionnelVoilà une adresse qui (re)donne envie d'aller au restaurant! Un sans faute!
La vue en terrasse tout d'abord, le service soigné, attentionné et rapide, alors que le restaurant était plein en ce grand weekend de juillet, une cuisine très savoureuse et des plats presque copieux, ce qui devient rare... Un superbe Chignin Bergeron pour couronner le tout ! Bravo, ne changez rien !Repas de St-valentin Très bon restaurant , personnel aimable , souriant et accueillant. Un repas à la hauteur de nos attentes , repas très bon et copieux .
Yoann Conte;https://www.linternaute.com//restaurant/restaurant/98542/yoann-conte.shtml;tel:+33450099749;13, Vieille Route des Pensieres;74290;Veyrier-du-lac;+ 90€; 4 / 5 ☆;C'est tout simplement parfait . Cuisine bien evidement , le service le tout dans un cadre enchanteur . Merite une meilleure reconnaissance des guides gastronomiques .Troisième repas chez Yoann Conte: troisième ravissement. La cuisine est toujours à un niveau exceptionnel, tant par la qualité des produits, (leur goût, leur parfum, leur finesse) que par l'inventivité de Yoann Conte,et la présentation magnifique.
Le service dans ce si beau cadre est diligent, sympathique, sans emphase (on se sent un peu chez soi)
Alors les censeurs du Michelin, reveillez vous, cette table mérite beaucoup mais beaucoup mieux qu'une étoile. Pourquoi cette traditionnelle attente chez vous avant de décerner la récompense, quand c'est superbe on n'attend pas.repas inoubliable , des mariages de goût surprenants et audacieux ,bravo a toutes l equipe,  pour cette portée de belles notes salés et sucrés sorties tous droit du piano et orchestré par le chefGrande table - un bonheur inoubliable - un moment magique service attentionné et chaleureux
maison a recommander pour un momment d'evasion - bravo au chef Yoann Conte et toute son equipe.
Le Pré d'Antoine;https://www.linternaute.com//restaurant/restaurant/12537/le-pre-d-antoine.shtml;tel:+33450364506;Pont de Fillinges;74250;Fillinges;30-60€; 3 / 5 ☆;En cuisine moins on en fait et mieux c'est . Ici, on en fait trop : cuisine appliquée ,scolaire, copié-collé sans caractère .Fade ,incolore, inodore, classique .Y a t il seulement un atelier,ou est le chef : quel silence aseptisé...Stérilisé. Bref, libérez vos talents, baissez les prix et, imaginez la haute Savoie autrement.En bref Très bonne surprise. Nous avions reçu un bon cadeau par nos amis. Un accueil et un service impeccable. Des menus d'un très bon rapport qualité-prix. La cuisine est raffinée sans sophistication les produits sont frais et bien cuisiner. Le chef est vraiment charmant et adorable. A revenir je parle à tous mes amis, car c'est rare de pouvoir bien manger en Haute-Savoie. Restaurant de Quantité.Accueil et service impeccable. Décoration décevante (je l'ai trouvé bling bling). Déception dans l'assiette entrée excellente et plat décevant et inversement pour d'autres. Menu enfant plus que banal. Prix élevés.Menu a 41 euros sans fantaisie... Dessert a sérieusement revoir , dressage des assiette assez vieillot. Seule satisfaction bon assaisonnement et bonne cuisson...
Le Ramoneur Savoyard;https://www.linternaute.com//restaurant/restaurant/15159/le-ramoneur-savoyard.shtml;tel:+33450519999;7, rue Grenette;74000;Annecy;15-30€; 3 / 5 ☆;Bon accueil, par contre un peu étonné de voir une serveuse avec un pantalon déchiré, sa ne fait pas très professionnel. Pour se qui est du repas bon mais sans plus.Je ne ferai pas de pub pour ce restaurant. Fortement déçue après avoir commandé sur la carte "un aioli de brochet avec petits légumes", le plat servi sortait du congélateur tant pour le poisson (le patron ne l'a pas nié précisant qu'il n'y avait pas de brochet frais à cette époque ; alors pourquoi mettre le logo "produit fait maison"), que pour les légumes qui ont rendu plein d'eau dans l'assiette.Restaurant qui a du potentiel tant par la qualité des plats servis que par l'emplacement, potentiel totalement gâché par l'accueil et la mauvaise humeur de l'équipe sur place...L'amabilité et le sourire sont en option: je déconseille !Restaurant sympa la deco est un peu vieillote la charcuterie est excellente et la tartiflette aussi par contre un peu decu par le dessert mais le patron est tres sympa
Brasserie Les Terrasses;https://www.linternaute.com//restaurant/restaurant/95090/brasserie-les-terrasses.shtml;tel:+33450317585;Chef Lieu;74890;Brenthonne;NC€; 4 / 5 ☆;Cadre très agréable, plusieurs parking, très beau hall d'entrée, belle salle interne et deux grandes terrasses ensoleillées.
Très bon et agréable service.
Grand chois de menu.
Prix très corrects.
Petite touche final du propriétaire et cuisinier qui passe de tables en tables avec toujours un mot gentil pour ses clients.Très bonne brasserie ! Très bien accueillis et tres bien servi ! Le repas est excellent.  Patron et serveur sympa et très commercial.  Je recommande  !!!Qu'il est agréable de manger en terrasse..
1ère de l'année et avec un accueil et un sourire, service et qualité de met à faire palire un resto près du lac!!!! Je vous suggère de vous y précipiter!!Un excellent restaurant de spécialités belges, la cuisine est bonne même très bonne, la bière en quantité et en qualité, le service impeccable et l'accueil parfait. À bientôt avec plaisir.
La Ferme;https://www.linternaute.com//restaurant/restaurant/32937/la-ferme.shtml;tel:+33450931181;62, chemin de la Promenade;74920;Combloux;15-30€; 4 / 5 ☆;Première et Dernière!
Malgré le cadre agréable, les quantité servies sont insuffisantes pour le prix payé.
Fondue aux cèpes à 20 par tête, dans laquelle la mousse sous les cèpes n'a pas été enlevée...(goût et texture désagréable).
On s'est battu à 5 sur la même fondue, quantités de fromage insuffisantes.
Et pour couronner le tout on nous fait payer un mini bol de salade en supplément 6! (sans préciser qu'il s'agissait d'un supplément) alors qu'on se battait à 5 sur un saladier et qu'un autre plat commandé et servi avec salade n'a pas eu sa salade! (donc 6 sur un bol..)
Bref j'ai été déçue...Autant passer son chemin plutôt que de s'arrêter ici. Malgré un cadre sympathique et confiné, la fondue aux Cêpes(20) aurait été meilleure si la mousse n'avait pas été dans la texture, en bouche c'est...Ah oui, attention à vous, le mini bol de salade supplémentaire est si cher (6) qu'on ne vous signale même pas qu'il est payant alors que le plat est pourtant servi avec salade à la base. Bref, déçu pour le prix payé.Nous avions vraiment aimé lors de notre passage en août 2011, mais avions été très déçus par la fondue aux cèpes en 2012...Notre dîner cette semaine nous a réconcilié avec ce restaurant : accueil très souriant, service diligent et attentif, la fondue (classique) que nous avions choisie était délicieuse.
Pour les amateurs, osez le baba au rhumLe Chef apporte une note nouvelle à ce petit mais remarquable restaurant de montagne en le rénovant il y a peu de temps,accompagné en cela par son épouse qui traite ses clients avec la grâce, l'élégance et l'efficacité dignes d'une hôtesse de grande compagnie aérienne. Un chaleureux bravo à tous deux.
Le Petit Prince;https://www.linternaute.com//restaurant/restaurant/10140/le-petit-prince.shtml;tel:+33450233534;25, montée de Novel;74940;;15-30€; 4 / 5 ☆;Cuisine renouvelée régulièrement et produits préparés d’excellentes qualités entre les mains d’un chef doué.
Le Côté Bistrot est très sympa aussi -
L’accueil est  très enjoué. 
BravoTerrasse agréable, service sympathique, par contre les filets de rougets accompagnés d'une maigre garniture de germes n'étaient pas frais, la peau ne se décollait pas et leur goût était  insipide. Le rapport qualité/prix n'est pas à la hauteur. C'est dommage pour un établissement de cette réputation !Rien à dire sur la qualité des plats, mais l'accueil n'est pas au rendez-vous.
Nous avons été pressés pour la commande puis pour le choix des vins. Nous avons été (trop) rapidement servis. Peu de temps entre chaque plat. Et en prime la fenêtre de la porte d'entrée a été ouverte alors qu'il faisait -5°c dehors! Déplorable. Pas mieux pour faire sortir les clients. Il n'était pourtant que 23h.Un restaurant très agréable qui fait parti des seuls du bassin annécien a proposer une cuisine classique et de grande qualité avec des prix raisonnables. Un cadre sympathique et un délice pour les papilles ! A partager de toute urgence !
Le Denti;https://www.linternaute.com//restaurant/restaurant/119935/le-denti.shtml;tel:+33450642117;25 bis, avenue de Loverchy;74000;Annecy;15-30€; 4 / 5 ☆;Un resto sympa un peu caché comme je les aime c'est là ou il sont les meilleurs,
tres bon rapport qualité prix avis au aventurier choisissez la formule suivant l'humeur du chef ! Seul bémole 2.50  le café c'est un peu cher !Repas de fin d'année entre collègues. Heureuse surprise, tout était excellent dans la formule à 19  y compris l'amuse-bouche (velouté de topinambour avec une rondelle de boudin noir). Le velouté de carottes, le poisson (pavé de merlu sur fenouil confit) et la tatin en dessert. Que du frais et du bon ! Nous reviendrons sans hésitation. L'accueil et le service sont généreux et chaleureux.Ouvert le lundi, une aubaine !
En effet le cadre intérieur est succinct, mais sobre, l'extérieur donne sur la route, mais le plus important se trouve dans l'assiette.
2 menus , le 1er avec au choix viande ou poisson et le 2ème en découverte mais basé sur les produits de la mer, excellente surprise, tout est frais, belle présentation , produits de qualités, cuisson parfaite..Et que dire du service !..
La patronne est toujours souriante, et disponible . Elle est vraiment aux petits soins...
En fait il ne manque que les 1/2 bouteilles de vin ( à noter que les 75 cl sont tès abordables) mais vous avez la possibilité de prendre le vin du moment au verre.
Un vrai rapport qualité/prix surtout pour Annecy !
Nous y reviendrons.Enfin un vrai resto avec de vrai pro qui on le souci de vous régaler par contre la deco et froide et impersonnelle mais je reviendrai pour épaté amis et famille.
Entre Nous;https://www.linternaute.com//restaurant/restaurant/5440/entre-nous.shtml;tel:+33450707688;69, rue Nationale;74500;Évian-les-bains;15-30€; 4 / 5 ☆;Cuisine excellente avec des produits frais, très joli cadre, propre, nappe en tissu. Étant d'evian je n'hésiterai à y retourner. Prix très raisonnable.Cuisine excellente avec des produits frais, très joli cadre, propre, nappe en tissu. Étant d'evian je n'hésiterai à y retourner. Prix très raisonnable.Cuisine excellente avec des produits frais, très joli cadre, propre, nappe en tissu. Étant d'evian je n'hésiterai à y retourner. Prix très raisonnable.Nous avons été agréablement surpris dès l'apéritif maison, puis à chaque plat suivant, servi généreusement et d'excellente qualité, tout comme les desserts... Bien situé dans la rue piétonne, nous sommes descendus vers le Lac pour une promende digestive très agréable...
Nous y reviendrons...
Minami;https://www.linternaute.com//restaurant/restaurant/115343/minami.shtml;tel:+33450457542;19, faubourg Sainte Claire;74000;Annecy;15-30€; 4 / 5 ☆;Bonjour, je ne suis vraiment pas du genre à laisser un commentaire sur les sites mais pour la première fois cela me semble important. Minami est un restaurant qui m'a réellement fait découvrir la véritable cuisine japonaise ! Un mélange de saveur et de simplicité qui nous montre que la cuisine peut s'élever à l'excellence. Le personnel est très sympathique et on sent que les propriétaires de cette affaire familiale sont heureux de satisfaire les clients.
Je n'ajouterai rien d'autre qu'un grand merci à Minami pour les délicieux repas qu'ils nous ont servi pendant notre séjour à Annecy.Très bon restaurant, les prix ne sont pas donnés, mais ça n'est pas un Sushi Shop non plus ;). Allez y si vous voulez découvrir une cuisine japonaise traditionnelle et originale, autres que des californias saumon. Pas de sushis dans ce restaurant (ou des suhis au foie gras juste délicieux!), que des plats fins.
Je recommande fortement, l'accueil est très agréable, peu d'attente malgré une salle pleine.Service très lent : 2h d'attente
Portion très faible et sans goût
Et tous ça à des prix exorbitants (Choix entre deux menus : 27 ou 33)

Habitué à manger Japonais sur Paris, je suis extrèmement déçu et ne comprends pas les commentaires élogieux.J'adore cet endroit cosy, la serveuse est très douce, la cuisine très raffinée, le rapport qualité prix est excellent. J'y reviendrais et je le conseil !
Flocons de Sel;https://www.linternaute.com//restaurant/restaurant/132715/flocons-de-sel.shtml;tel:+33450214999;1775, route du Leutaz;74120;Megève;+ 90€; 4 / 5 ☆;Merveilleux accueil d Emmanuel et Kristin... Et cuisine de très haute volée particulièrement un biscuit de brochet et une tourte de gibier dont je ne me lasse pas à chaque passage.
Collection de Chartreuses inégalée !3è repas dans ce restaurant, et le niveau est constant dans tous les domaines... c'est excellent!!!
Pour moi, outre tous les superlatifs que nous pourrions employer, j'apprécie la simplicité du chef et de son épouse, très accessibles et uvrant avec cur pour nous satisfaire.
Bravo et merciNous avons testé ce restaurant trois étoiles le 22 août dernier. Comme la météo était favorable, nous avons pu déjeuner en terrasse.
S'agissant du service, rien de négatif à signaler mais le niveau est cependant inférieur aux autres trois étoiles que nous avons testés (Bras à Laguiole et Marcon à St Bonnet le Froid). Par exemple, les plats n'ont pas été toujours servis aux 4 convives en même temps (même si le décalage était très marginal). Nous n'avons pas eu droit à plusieurs sortes de pain ce qui est assez étrange dans ce genre de restaurant (cela dit le pain était très bon). 
S'agissant de la cuisine, le jugement est très enthousiaste car la cuisine élaborée par Emmanuel Renaut est à la fois très originale et d'une qualité extrême.
Nous avions choisi le menu dégustation à 178 pour l'ensemble de la table. Hormis le premier plat qui ne nous a pas réellement conquis(tomates sous un disque de sorbet), nous avons tous été transportés par les plats. Je signalerai par exemple le gâteau Lotte et brochet parsemé de petites boules soufflées (extraordinaire plat), la tarte aux herbes (sublime), le poisson juste cuit au sel, les girolles sous un sabayon à l'amaretto (exceptionnel) ou encore la noix de ris de veau sauce échalote et rhubarbe (le niveau des viandes est supérieur à ce que nous avions goûté chez la concurrence).Pour les desserts le maître d'hôtel nous a proposé de nous servir 4 desserts à partager. Le dessert meringué à la crème et au coulis d'abricot et la mousse aux deux chartreuses étaient réellement magnifiques et délicieux.
Pour ce qui est du fromage, la plateau était varié mais les fromages sont servis tous seuls sans aucun accompagnement (même pas une feuille de salade alors que Marcon propose une création autour du fromage et des petits légumes pour se "rincer la bouche avant les desserts").
Pour ce qui est du rapport qualité / prix, c'est un trois étoiles abordable même si les cafés sont beaucoup trop chers (8 pour un café servi là aussi sans rien, même pas un petit biscuit ou chocolat). Pour compenser, le chef offre une chartreuse.
La carte des vins est raisonnable. Nous avons choisi une bouteille de blanc local à 80 et des verres de rouge à 14 et 11 pièce).
Au rayon des petites déceptions, le chef ne partage pas sa passion avec les clients. Il ne passe pas voir les convives. Nous l'avons juste croisé alors que nous sortions (chez Bras, nous avions passé par la cuisine pour saluer le chef et chez Marcon, le chef est venu plusieurs fois expliquer ses inspirations). 
Pour conclure, le flocon de sel est un superbe restaurant qui mérite très largement ses trois étoiles. La cuisine que vous pourrez y déguster est tout à fait exceptionnelle. Le cadre est assez simple mais quand même de très bon goût dans le style "chalet de montagne-chic de Megève".
Si vous êtes amateurs de haute gastronomie, vous pouvez y aller sans risques !Nous avons pris un grand moment de plaisir grace à une équipe en cuisine qui prepare des plats grandioses servis par une équipe en salle à nos petits soins.Merci au chef et son équipe entiere.
2 plats sortent du lot d une courte tete pour moi:la langoustine en bonbon et le dessert aux agrumes.
La Ferme;https://www.linternaute.com//restaurant/restaurant/55811/la-ferme.shtml;tel:+33450025050;1078 route Aravis;74220;La clusaz;15-30€; 4 / 5 ☆;Ca doit faire la dizième fois que je vais dans cet établissement! Toujours aussi bien! L'équipe est vraiment sympa, les plats toujours aussi bon! 
Un grand merci à Stefan pour nous avoir rendu ce petit service!Lieux incontournable si vous passez a la clusaz pour être plongé en plein cur de la Savoie. Le décor le service les plats, tout ça pour un très bon rapport qualité prix.la palette du pâtissier si il vous reste encore une place après une vrai fondue savoyarde!Le meilleur restau sur la Clusaz autant au niveau qualité que quantité. Le cadre est juste magnifique, le service impeccable et aux petits soins. Tres bon rapport qualité prix. C'est un restau que je recommande a tous !Nous y sommes allés à deux reprises durant notre semaine de vacances! Accueil sympathique les 2 fois (serveur différents). Parmis tous les restos essayé du coin c'est celui ou nous avons eu le plus de petites attention. (bébé en bas age, mini pizza d'apéro, bombon de fin de repas...)
Sans aucune hésitation je recommande et y retournerais à mon prochain passage.
La Douce Folie;https://www.linternaute.com//restaurant/restaurant/132899/la-douce-folie.shtml;tel:+33450526395;692, route d'Albertville;74320;Sevrier;15-30€; 4 / 5 ☆;Ca aurait pu être parfait ! Mais quelle accumulation de poussière sur les lampes "design", et que la crème de choux fleurs était tiède ! Le personnel est sympathique même si l'attention n'est pas au top...j'y ai mangé tout seul et précisé "je reprendrais un autre vers de vin après avoir fini celui là" et j'ai fini mon repas avec mon verre vide et sans pain ! Dommage. Sinon, bien dans l'ensemble. Je réessayeraisNous y sommes allés au vu des commentaires déjà postés sur ce site : nous n'avons pas été déçus ! Resto simple, sans chichi, cadre agréable, jolie vaisselle moderne. La patronne et unique serveuse est très gracieuse, très souriante et prévenante. Le menu est abordable et très bon, avec un crescendo depuis l'entrée (succulente, bien présentée et originale) jusqu'au dessert (vraiment top) ; manifestement, on sert ici du frais et du fait maison (dessert compris). Même s'il n'est pas facile à trouver (l'enseigne ne saute pas aux yeux de premier abord), même si ce n'est pas facile de se garer à côté (mais il existe un parking public gratuit à 50 m. Dans le "creux" de Chuguet), ça vaut vraiment le coup.Pas besoin d'aller à Annecy pour trouver une bonne table, cuisine de qualité avec des produits frais, très bien travaillés. Chef, vous nous régalez! Toujours un vrai moment de plaisir.Symphatique, cuisine raffinée, 
rognon de veau aux morilles, délicieux, puis une soupe de melon accompagnée d'une glace aux fraises, extra
je recommande fortement ce restaurant. 
Seul probleme etant situé sur le bord de la route, y aller apres 20 h quand la circulation diminue.
L'Amaryllis;https://www.linternaute.com//restaurant/restaurant/115307/l-amaryllis.shtml;;5 rue Marc Courriard;74100;Annemasse;15-30€; 4 / 5 ☆;Cuisine Gastronomique avec des produits frais. Tout est fait maison. Le midi menu maxi 19.50 (entré plat désert) le soir menu maxi 64 après c'est la carte. Question rapport qualité prix est franchement excellent. Le service et l'accueil sont agréable. Le seul bon gastro du coin.Pour ma parts c'est le meilleur restaurant du coin question rapport qualité (haute) et prix(plus que raisonnable). Tout est fait maison, un accueil et un professionnalisme proche du 5 étoiles. Félicitation à cette belle équipe .Réservation pour 3 personnes la veille pour 20h30
Arrivée sur place le jour J à 20h30 - notre table a été donnée à d'autres personnes.
Bien que nous ayons laissé notre numéro, aucune information sur ce changement au préalable.
Le personnel n'avait pas l'air spécialement désolé et n'a pas cherché de solution ou de proposition pour une autre date.
Alors que la soirée semblait gâchée, nos mésaventures nous ont permis de découvrir à 100 mètres de là un excellent restaurant japonais qui a sauvé la nuit.
On attend un autre niveau de service d'un établissement qui se veut de bon standing.Jolie cuisine dans un petit restaurant mais pour tout petits appétits. Les entrées et les plats sont très bons mais on est frustrés par les quantités.
Le palais a à peine le temps de découvrir les saveurs que l'assiette est déjà vide. Le repas reste une "dinette" donc.
La Calèche;https://www.linternaute.com//restaurant/restaurant/6533/la-caleche.shtml;tel:+33450559468;18, rue du Docteur Paccard;74400;Chamonix-mont-blanc;15-30€; 3 / 5 ☆;Cadre plus agréable que la cuisine. 
La restauration en cafétéria de grande surface est nettement meilleureIl y a plus de 30 ans que nous venons à la Caleche plus pour le cadre que les plats.
Le responsable est toujours aussi mal aimable pour son accueil et n'a aucune considération pour ses clients et n'est pas professionnel du commerce : il case les clients comme des boîtes de conserves.
Par contre les serveurs sont extrêmement gentils et grosse surprise les plats ont progressé en qualité
Espérons que le responsable en face autantAoût 2018. Accueil par une pimbêche arrogante qui veut nous imposer 2 places alors que la salle est presque vide et le restera toute la soirée - 1er clash !.
Vin au verre servi glacé: vin rouge ! Protestation : "C'est la machine". Une machine pour servir le vin !!! Nouveau verre : moins froid . L'a t-on chauffé ?. En tout cas imbuvable -  2ème clash !.
Le plat: du Féra (faute d'Omble Chevalier, au menu mais absent ce jour là). Miam, miam ! Eh bien non. L'animal a été cuit à la vapeur, trop, beaucoup trop, sec façon semelle. Pas de sauce. 2 carottes, 2 pommes de terre également cuites à la vapeur et sans sel. Absolument pas cuisiné !!! Un menu d'hôpital. - 3ème clash !
Nous prenons congé. Salutations du personnel en rang d'oignon (aussi nombreux que les clients) :. "Cela vous a plus ? ". Réponse: "Non, nous ne reviendrons plus"!!!.Ce soir samedi 19 mai  service lamentable 
Attente de 2h entre deux plats
Personnel pas aimable 
Enguelade en cuisine 
Bref vraiment lamentable 
Vraiment dommage
Chez Mamie Lise;https://www.linternaute.com//restaurant/restaurant/24019/chez-mamie-lise.shtml;tel:+33450454118;11, rue Grenette;74000;Annecy;15-30€; 3 / 5 ☆;⭐️⭐️⭐️⭐️⭐️ 5 étoiles

Un grand MERCI à toute l’équipe de 
« Chez Mamie Lise »

Pour un groupe de 8 gars.

Très bon accueil chaleureux .
Excellent service et bons plats chauds.
Endroit propre, tenue et soigner.
Prix correct.
Personnel souriant,sympathique, discret.

Réservation fortement recommandé.
DEUX services le soir donc énorme travail pour l’équipe.
Il en faut pour tous et pour profiter du moment plus longtemps , reservez plutôt le deuxième service.
Très bonne adresse.
Mr BOZO.A peine assis on vous prend la commande pas le temps de se poser. Les plats arrivent dans la foulée. A peine  avalé la dernière bouchée  on  vous demande comment vous payez afin que vous libériez la table au plus vite. Franchement très désagréable.  Je ne le conseillé pas.Je pense que Mamie Lise a déserter les cuisine depuit longtemps….. pour avoir manger une fondu savoyarde a la Maïzena  pas le gout du fromage une texture horrible le Chef devrais se remettre en question  je trouve sa exagérer...  Le pris de la fondu est excessif pour se qui est servieUne réputation Très surfaite.
Un accueil mécanique, peu sympathique. Des tables placées très proches les unes des autres, une table pour deux qui bénéficie de la chaleur de la soufflerie ou de la froideur des courants d’air de la porte d’entrée. Des plats sans réelle saveur mais gras.
Le Clocher;https://www.linternaute.com//restaurant/restaurant/164254/le-clocher.shtml;tel:+33450230990;20, place Gabriel Faure Chef Lieu;74940;;NC€; 3 / 5 ☆;Joli cadre mais assiette légère, tarte tatin  revisité trop sucré, j’avais encore faim en sortant 2 heures 30 après, service trop longRestaurant convivial et plats rafinés et maison.
Je recommande fortement cet endroit de partages culinaires qui devient de plus en plus rare sur Annecy. Une très belle carte des vins pour les wine lovers ;).Nous dinons chaque année 4 ou 5 fois pendant l'été dans votre restaurant en plein air, toujours avec plaisir. Cette année cétait la première fois et nous étions 4. Grande déception: fois gras de qualité moyenne très mal assorti avec la fadeur de la poire et son jus insipide. Le pain grillé était dur. La féra paraissait passée au court bouillon, il restait un gout de papier mâché. La souris d'agneau et la pièce de boeuf étaient de bonne qualité. Bon vin et bon service. Nous reviendrons quand même.« Un dîner presque parfait » dans la succursale de Métro.

Je vais vous raconter une petite histoire.
Ce midi, nous avons décédé de nous faire un petit restaurant en famille. Ce que nous faisons régulièrement.
Nous nous sommes donc dirigés vers le restaurant le clocher qui nous avait été présenté comme un restaurant cher, mais bon.
Nous nous sommes donc installé en terrasse, le cadre était agréable, la température idéale 
Nous avons pris le menu du jour (midi) à 18. 
En entrée, nous avons mangé une salade de carotte râpée : Carottes râpées achetées toutes faites chez Métro. Vous savez, les carottes qui ont pas goût aux carottes et qui laissent une couleur orange au fond de lassiette.
Une petite corbeille de pain pour accompagner le tout : Pain sec
Pour le plat principal un filet de carrelet avec riz et courgettes : Restons objectif, le poisson doit être leur spécialité. Pour le coup, le seul ingrédient frais de notre menu est bien là.
En dessert, un tiramisu : Tout comme pour lentrée tout droite sortie de Métro.
Conclusion : Je ne pense pas que ce restaurant soit un mauvais restaurant, cependant, ils veulent se montrer accessibles avec un menu du midi à 18 euros. Mais, ce nest pas la « petite » clientèle quils veulent attirer mais plutôt les gros portefeuilles.
Si vous voulez bien manger, soyez près sortir au moins 48 par tête. Sinon, ce nest pas la peine ! Vous allez manger du Métro !
Pizza l'Antre d'Eux;https://www.linternaute.com//restaurant/restaurant/44786/pizza-l-antre-d-eux.shtml;tel:+33457435006;110, Rue du Président Faure;74800;La roche-sur-foron;-15€; 4 / 5 ☆;Pizzeria familiale conviviale on sent le goût des produits frais meilleur pizzeria de la Haute Savoie sur tout les points autant en qualité,quantité,accueille et propreté on reviendra de notre région pour manger chez vous l’antre deuxBonjour, ici la casse-pieds de la prosciutto oeuf et vesuvio ananas :) 

Juste pour dire que surtout ne changez rien: des pizzas à en baver, un accueil chaleureux et très convivial, des patrons adorables et des pizzas prêtes en un clin d'oeil :D

Depuis qu'on a connu vos pizzas, pas moyen d'en manger ailleurs.Difficile de trouver mieux dans la région! Nous venons d'Annemasse avec ma femme ou avec le travail et inutile de vous dire qu'on a le choix d'aller ailleurs, mais quand on sait ce qui nous attend à lantre deux la route n'est plus un pb..!
Pizzas super bonnes, pate fine et srtout généreuses comme il s'en fait plus, et on nous a proposé d'emporter ce qui restait après nous l'avoir emballé! Génial!
Petit couple adorable, musique Latino..! Excellente adresse.Les Patrons n'ont pas de chien, mais ils semblent les tolérer.. Bonne chose.. ! .. Nous avons nous aussi été comblé par leurs pizzas, ils ont vraiment la sale manie de les faire délicieuses... ! Et pour ce qui est du cadre.. Top perfect.. ! .. Certes on ne vous parlera pas à la 3ème Personne à la Delon, comme le souhaiterait certaines personnes, mais c'est justement pour ça qu'on s'y sent, et qu'on y mange, si bien.-
Bonne-Bonne adresse.. !
Restaurant le 7367;https://www.linternaute.com//restaurant/restaurant/150715/restaurant-le-7367.shtml;tel:+33450650025;22, faubourg Sainte Claire;74000;Annecy;15-30€; 4 / 5 ☆;Quel dommage... Une décoration super sympa un accueil chaleureux mais une cuisine assez fade qui manque d assaisonnement... Les produits sont de qualités et la présentation soignée mais trop de mélanges... On ne sais plus trop ce qu'on mange et les associations ne marchent pas toujours.Cuisine délicieuse, produits frais maison. Un régalExcellent restaurant. Nous y avons dejeune en famille le dimanche de Pâques. Nous y avons vraiment bien mangé dans une ambiance conviviale.Bravo. Le prix est raisonnable. Nous y retournerons avec grand plaisir.Nous avons passé un excellent repas de Saint Valentin. Goûteux, fin et coloré. Beaucoup d'humour tout au long du service avec des serveurs très sympathiques et de bon conseil. On y retournera c'est sûr. &#128521;.
La Bournerie;https://www.linternaute.com//restaurant/restaurant/32184/la-bournerie.shtml;tel:+33450270028;L'Envers du Chinaillon;74450;Le grand-bornand;15-30€; 4 / 5 ☆;Accueil chaleureux, cuisine traditionnelle de très bon niveau.
Idéal pour un séjour en famille ou entre ami. L'établissement, sur les pistes, dispose de 5 chambres au 1er étage très bien équipées.Excellente adresse, où la formule demi pension pour son excellent qualité prix : bon produits du terroir , propriétaires sympas, chambres confortables autour d'un coin salon chaleureux avec poële ...Excellente qualité des produits servis avec le sourire.Chambres très sympa passé un bon moment en famille ou entre amis.Les propriétaires très chaleureux.
Famille boetsch.Cuisine de qualité et typique, plat bien servi , bon service et accueil sympathique 
A faire et à refaire sans hésitation en famille, entre amis
La raclette est délicieuse et copieuse.
Le Confidentiel;https://www.linternaute.com//restaurant/restaurant/102416/le-confidentiel.shtml;tel:+33450440068;24, route des Moulins;74290;Menthon-saint-bernard;NC€; 4 / 5 ☆;Excellent rapport qualité prix  et ceci depuis plusieurs années que nous fréquentons cet établissementExcellent rapport qualité prix, cuisine précise et subtile, service attentionné bien qu'un peu froid au démarrage.
En conclusion une adresse à retenir qui mérite vraiment le détour.Un petit mot du confidentiel.
Suite aux deux derniers avis parus sur cette page nous nous permettons de répondre car un problème est survenu.
Un autre restaurant qui porte le meme nom que nous a ouvert a paris et propose une cuisine gastronomique a base de produit halal.Une adresse surement tres intéressante à découvrir mais à Paris!
à bientôt au confidentiel à Menthon!
Nouveau site internet:
www.Restaurant-leconfidentiel.Fr
merci pour tous vos avis qui nous aident à la fois à avancer et nous font chaud au coeur.
Merci.Excellent !
Sauf que je ne savais pas que la cuisine était Hallal !
Dommage je suis contre, pourquoi nous l imposer ???
Je suis catholique, et nos services vétérinaire ce sont battus il y a 50 ans pour que les animaux soient abattus dignement !! Et avec respect !!!

Pourquoi ce retour en arrière ???
Le Cabanon;https://www.linternaute.com//restaurant/restaurant/114612/le-cabanon.shtml;tel:+33450108245;Lieu dit Les Sixt;74450;Saint-jean-de-sixt;30-60€; 4 / 5 ☆;Nous y dînons chaque année lorsque nous revenons en vacances de fin d'année. La cuisine de Damien est un enchantement pour la vue d'abord, le palais ensuite et les souvenirs pour longtemps.
Il est inventif, chaque association de saveurs nous surprend, nous ravit.
Il est très présent avec les convives et nous lance des défis (deviner quelle herbe fait partie du plat....)
La qualité des produits qu'il cuisine pourrait justifier de tarifs beaucoup plus élevés
Pour nous c'est la perfection.Restauration surprenante . Tous. Les plats,des entrées aux desserts sont aromatisés par des plantes .Bellepresentation d'une cuisine élaborée à laquelle on ne s'attend pas. Mais trop de plantes dénaturent les produits qui étaient de qualité .En toute chose ne pas être dans l'excès .Gros gros coup de coeur comme je n en avais pas eu depuis longtemps!!! Des produits frais qui changent à chaque saison, des restaurateurs passionnés par leur métier, bref à recommander +++! Nous allons y retourner très viteSi vous voulez rencontrer un couple passionné et réalisant des prouesses culinaires, c'est l'endroit idéal. Le chef n'hésite à rencontrer ses clients pour donner ses recettes. A ne pas oublier en fin de repas de prendre une infusion, cela vaut le détour.
La Grolle;https://www.linternaute.com//restaurant/restaurant/10100/la-grolle.shtml;tel:+33450323945;3, Pré de Foire;74220;La clusaz;15-30€; 4 / 5 ☆;Endroit superbe !! cuisine au top et le service exceptionnel avec nanou une restauratrice avec un accueil chaleureux un super  barman !! Un souvenir inoubliable pour un evjf nous avons partager des fous rires inoubliable merci a tte l equipe .je recommande et reviendrait très viteJe ne m’étendrais pas sur le sujet, ce restaurant est juste au top, de l'accueil à la fin du service en passant par l'amabilité des employés et la qualité des plats.. En bref, passer par la grolle pour faire de vos vacances, week-ends ou sortis entre amis ou familles, un moment d peur plaisir.Super restaurant 
Très bon rapport qualité prix
Accueil de très grande qualité par la patrone
Crêpes excellentes ainsi que les plats savoyards
Excellente carte des cafésJe connais ce restaurant depuis des années, et j'aime le cadre. L'accueil, et la cuisine qui offre suffisamment de variété en dehors des grands classiques savoyards. C'est toujours un grand plaisir, une cuisine fine et généreuse.
La Chaudanne;https://www.linternaute.com//restaurant/restaurant/52704/la-chaudanne.shtml;tel:+33450791268;590 route de la Plagne;74110;Morzine;15-30€; 4 / 5 ☆;superbe restaurant avec décor cosy de montagne. nous avons pris le menu à 20EUR, nous en sommes plus que satisfaits : assiettes copieuses de l'entrée au dessert, jolie présentation, et c'est surtout très bon. Allez-y les yeux fermés !Ambiance très agréable et malgré le monde le service est rapide. 
Je vous conseille la raclette ( très consistante pour 2 personnes)  ainsi que les fraises au basiliques en désert 
Une bonne adresseTrès Bon Accueil malgré beaucoup de monde ! La Patronne s'est efforcée de nous trouver une petite table pour 3.
Très bonnes Pizzas et superbes desserts dont "Le Café Gourmand" 
Les prix des vins sont très raisonnables et la carte très diversifiée !
Soit beaucoup de notes positive pour certainement une des meilleures adresses de Morzine
A essayer sans hésiterHabitué de ce restaurant, j'ai fait l'erreur de prendre la pierrade, fuyez ce plat ou se battent 4 misérables bouts de buf et 4 morceaux de blancs de poulet secs comme un coup de trique. Dommage...
O Savoyard;https://www.linternaute.com//restaurant/restaurant/141398/o-savoyard.shtml;tel:+33450450653;1, rue Perrière;74000;Annecy;15-30€; 3 / 5 ☆;Quelle surprise !!!
Attiré par le look du personnel ( costumes du pays ) nous avons été bluffés par ces Savoyards.....
Service absolument top ! Du jeune personnel motivé à fond !
Et que dire de cette friture d'eperlans à faire pâlir certains restos de la côte ouest.....
Une escalope savoyarde tout aussi réussie !
Que du bonheur !
Merci à vous tous !!!Déçue par ce restaurant. J'ai commandé une planche avec charcuteries, tome fraîche etc. La portion de charcuterie était ridicule et la tome fraîche insipide. Très mauvais rapport qualité prix. La polenta crémeuse ne l'était pas et très salée avec un goût prononcé de bouillon. 
Rien à dire en revanche sur le service.L'attrape touriste par excellence.

Le restaurant, même s'il est bien décoré, n'est pas très cosy. Moi et mes amis étions assis à une table au milieu de la salle, tous les serveurs nous "couraient autour".
Après avoir commandé l'apéro, nous avons attendu 25 minutes avant que nos verres ne soient servis. Même topo pour la nourriture, nous avons patienté 1 heure avant de pouvoir passer notre commande (malgré des demandes réitérées de notre part) et n'avons eu aucune excuse de la part des serveurs qui étaient assez antipathiques.

Les plats sont arrivés raidement mais ils n'avaient rien de spécial : vous pouvez manger de bien meilleures tartiflettes à Annecy.
De même, la fricassée de caion est bonne mais (beaucoup) trop salée. Déçu, nous avons donc décidé de ne pas prendre de desserts...

Reste que les produits utilisés sont locaux et de qualité mais les prix sont élevés.Super accueil, personnel très agréable et à l'écoute, plats très bons et copieux. Décor typique de la région. Seul petit bémol le service un peu trop rapide, (pas le temps de finir le plat que nous avions déjà les desserts).
